{
  "controller/main.controller.js": 1733294631558,
  "controller/App.controller.js": 1733294631558,
  "controller/validation.js": 1733294631558,
  "i18n/i18n.properties": 1733294631558,
  "controller/edit.controller.js": 1733298218530,
  "model/models.js": 1733294631558,
  "manifest.json": 1733298313832,
  "Component.js": 1733294631558,
  "controller/main-dbg.controller.js": 1733294631558,
  "controller/main.controller.js.map": 1733298313984,
  "controller/validation-dbg.js": 1733294631558,
  "controller/validation.js.map": 1733298313975,
  "controller/App-dbg.controller.js": 1733294631558,
  "controller/App.controller.js.map": 1733298313971,
  "controller/edit-dbg.controller.js": 1733298218530,
  "controller/edit.controller.js.map": 1733298314000,
  "model/models-dbg.js": 1733294631558,
  "model/models.js.map": 1733298313974,
  "Component-dbg.js": 1733294631558,
  "Component.js.map": 1733298313977,
  "Component-preload.js": 1733298314090,
  "Component-preload.js.map": 1733298314090,
  "view/templatePopOver.fragment.xml": 1733294631558,
  "view/main.view.xml": 1733294631558,
  "view/mailPopOver.fragment.xml": 1733295739414,
  "view/edit.view.xml": 1733297276734,
  "view/App.view.xml": 1733294631558,
  "css/style.css": 1733294631558,
  "Image/invoiceFormat-2a.png": 1733294631558,
  "Image/invoiceFormat-2.png": 1733294631558,
  "Image/invoiceFormat-1.png": 1733294631558,
  "index.html": 1733294631558
}