{
  "controller/App-dbg.controller.js": 1732189289454,
  "controller/App.controller.js": 1732189289454,
  "controller/validation.js": 1732622911045,
  "controller/main.controller.js": 1732261802502,
  "controller/edit.controller.js": 1733151693294,
  "model/models.js": 1732189289462,
  "manifest.json": 1733204598833,
  "Component.js": 1732189289454,
  "i18n/i18n.properties": 1732189289458,
  "controller/App.controller.js.map": 1733204598981,
  "controller/validation-dbg.js": 1732622911045,
  "controller/validation.js.map": 1733204598978,
  "controller/main-dbg.controller.js": 1732261802502,
  "controller/main.controller.js.map": 1733204598992,
  "controller/edit-dbg.controller.js": 1733151693294,
  "controller/edit.controller.js.map": 1733204599007,
  "model/models-dbg.js": 1732189289462,
  "model/models.js.map": 1733204598983,
  "Component-dbg.js": 1732189289454,
  "Component.js.map": 1733204598984,
  "Component-preload.js": 1733204599205,
  "Component-preload.js.map": 1733204599206,
  "view/main.view.xml": 1732273072477,
  "view/edit.view.xml": 1733139772713,
  "view/InputPopover.fragment.xml": 1733141690562,
  "view/App.view.xml": 1732189289466,
  "css/style.css": 1732189289458,
  "index.html": 1732189289462
}