{
  "Component-preload.js": 1733206440048,
  "controller/validation.js": 1732622911045,
  "model/models.js": 1732189289462,
  "controller/main.controller.js": 1732261802502,
  "controller/edit.controller.js": 1733151693294,
  "controller/App.controller.js": 1732189289454,
  "manifest.json": 1733206439814,
  "Component.js": 1732189289454,
  "Component-dbg.js": 1732189289454,
  "Component.js.map": 1733206439921,
  "model/models-dbg.js": 1732189289462,
  "model/models.js.map": 1733206439921,
  "controller/main-dbg.controller.js": 1732261802502,
  "controller/main.controller.js.map": 1733206439931,
  "controller/edit-dbg.controller.js": 1733151693294,
  "controller/edit.controller.js.map": 1733206439945,
  "controller/App-dbg.controller.js": 1732189289454,
  "controller/App.controller.js.map": 1733206439923,
  "controller/validation-dbg.js": 1732622911045,
  "controller/validation.js.map": 1733206439928,
  "i18n/i18n.properties": 1732189289458,
  "Component-preload.js.map": 1733206440048,
  "view/main.view.xml": 1732273072477,
  "view/edit.view.xml": 1733139772713,
  "view/InputPopover.fragment.xml": 1733141690562,
  "view/App.view.xml": 1732189289466,
  "css/style.css": 1732189289458,
  "index.html": 1732189289462
}